{"data":{"cash_and_marketable_securities":[100557000000,66301000000,74181000000,67155000000,41601000000,25077000000,40546000000,29129000000,25952000000,25620000000,23464000000,24490000000,15386000000,10110000000,8261000000,5464000000,4566000000,4337000000,4336000000,4027000000,3226000000,2300000000,1459000000,1745000000,952000000,1258000000,892000000,1436000000,893000000,997000000,809000000,1011000000,565000000,576000000,337000000,115000000,143000000],"cash_to_debt":[93.06783159180728,57.91340198981508,64.12603734439836,77.16127401415571,64.67012809352072,71.04972375690608,239.0683962264151,0.0,0.0,0.0,0.0,0.0,0.0,0.0,0.0,0.0,1501.9736842105265,1372.4683544303798,1367.8233438485804,1342.3333333333335,1075.3333333333335,241.0901467505241,149.4877049180328,153.74449339207047,124.60732984293195,210.7202680067002,107.4698795180723,780.4347826086956,599.3288590604027,810.5691056910568,1419.298245614035,320.95238095238096,0.0,0.0,0.0,0.0,1.43e4],"depreciation_to_gross_profit":[12.752053012440035,10.706114553363642,11.517701222416257,12.466919051066304,12.02336957682695,11.265009852984958,10.507899975118189,4.772654452244327,4.1398512027020855,3.9985983491667967,4.261990477296481,4.244055630327502,3.8876624969340203,4.019292604501608,4.427405392035618,6.640106241699867,6.61592505854801,7.111665626949469,8.097165991902834,3.8781163434903045,5.011792452830189,7.505070993914807,8.625730994152047,16.115702479338843,4.443666899930021,7.167235494880546,6.085043988269795,7.011308562197092,6.81135225375626,6.87669376693767,4.828118964851294,3.75,5.201465201465202,5.044510385756676,5.25,0.0,0.0],"eps":[11.88579,12.20893,9.20675,8.3063,9.21688,6.45,5.68,6.31,3.95,2.16,1.3,0.77,0.56,0.32,0.22,0.05,0.02,0.02,0.0,0.16,0.14,0.08,-0.11,-0.2,0.12,0.07,0.09,0.15,0.13,0.14,0.13,0.11,0.06,0.04,0.02,0.02,0.02],"gross_profit_margin":[37.81776810903472,38.34371882000791,38.469860491899105,39.07595564809705,40.05990201741437,38.58803577778386,37.62448072084723,43.87123980882766,40.478895878945764,39.377539287083174,40.13984384104417,34.31448012561963,33.96650837290677,28.98265596686513,29.021606489124974,27.28590409469743,27.51731915579185,27.91710205503309,23.02815588290136,27.132656895903796,27.64916856863384,24.894798855411548,19.319305182883774,9.844401505135767,25.836195986259263,25.50876047448036,34.19832017049016,43.67151121772259,47.47186558884134,53.11263044260526,48.99697199091597,51.09309751903709,51.29650507328072,53.15457413249212,41.71011470281543,42.01846965699209,48.52492370295015],"income_statement":{"netIncomeRatio":0.212381,"depreciationAndAmortization":12547000000,"netIncome":55256000000,"period":"FY","incomeBeforeTaxRatio":0.252666,"operatingIncomeRatio":0.24572,"epsdiluted":11.88579,"eps":11.88579,"weightedAverageShsOut":4648913000,"grossProfit":98392000000,"interestExpense":3576000000,"costAndExpenses":196244000000,"acceptedDate":"2019-10-30 18:12:36","costOfRevenue":161782000000,"finalLink":"https://www.sec.gov/Archives/edgar/data/320193/000032019319000119/a10-k20199282019.htm","ebitdaratio":0.314636,"operatingIncome":63930000000,"totalOtherIncomeExpensesNet":422000000,"incomeBeforeTax":65737000000,"operatingExpenses":34462000000,"weightedAverageShsOutDil":4648913000,"date":"2019-09-28","generalAndAdministrativeExpenses":18245000000,"incomeTaxExpense":10481000000,"revenue":260174000000,"symbol":"AAPL","fillingDate":"2019-10-31 00:00:00","researchAndDevelopmentExpenses":16217000000,"otherExpenses":1807000000,"grossProfitRatio":0.378178,"sellingAndMarketingExpenses":0.0,"link":"https://www.sec.gov/Archives/edgar/data/320193/000032019319000119/0000320193-19-000119-index.html","ebitda":81860000000},"net_income":[55256000000,59531000000,48351000000,45687000000,53394000000,39510000000,37037000000,41733000000,25922000000,14013000000,8235000000,4834000000,3496000000,1989000000,1335000000,276000000,69000000,65000000,-25000000,786000000,601000000,309000000,-1045000000,-816000000,424000000,310000000,87000000,530000000,310000000,475000000,454000000,400000000,217000000,154000000,61000000,64000000,77000000],"profile":{"address":"One Apple Park Way","beta":1.228499,"ceo":"Mr. Timothy D. Cook","changes":24.38,"city":"One Apple Park Way","companyName":"Apple Inc.","country":"United States","dcf":297.11,"dcfDiff":89.92,"description":"Apple Inc. designs, manufactures, and markets smartphones, personal computers, tablets, wearables, and accessories worldwide. It also sells various related services. The company offers iPhone, a line of smartphones; Mac, a line of personal computers; iPad, a line of multi-purpose tablets; and wearables, home, and accessories comprising AirPods, Apple TV, Apple Watch, Beats products, HomePod, iPod touch, and other Apple-branded and third-party accessories. It also provides digital content stores and streaming services; AppleCare support services; and iCloud, a cloud service, which stores music, photos, contacts, calendars, mail, documents, and others. In addition, the company offers various service, such as Apple Arcade, a game subscription service; Apple Card, a co-branded credit card; Apple News+, a subscription news and magazine service; and Apple Pay, a cashless payment service, as well as licenses its intellectual property, and provides other related services.","exchange":"Nasdaq Global Select","exchangeShortName":"NASDAQ","fullTimeEmployees":"137000","image":"https://financialmodelingprep.com/image-stock/AAPL.jpg","industry":"Consumer Electronics","lastDiv":3.18,"mktCap":2127040480000,"phone":"408-996-1010","price":497.48,"range":"201.0-499.472","sector":"Technology","state":"CA","symbol":"AAPL","volAvg":36780934,"website":"http://www.apple.com","zip":"95014"},"r_and_d_to_gross_profit":[16.482031059435727,13.978927522854702,13.132470006577007,11.921009221129085,8.616196355713157,8.564299587450558,6.959131624782285,4.924121056770849,5.543383997443973,6.938171624357577,7.740099872256416,9.950650515926425,9.590385087073829,12.718828152911755,13.208013851100667,21.646746347941566,27.576112412177984,27.822832189644416,34.81781376518219,17.543859649122805,18.514150943396228,20.486815415821503,35.453216374269005,62.39669421487604,21.483554933519944,24.061433447098977,24.37683284457478,19.450726978998382,19.46577629382304,16.19241192411924,16.22247972190035,13.125,14.065934065934066,12.660731948565775,9.125,11.145996860282574,12.578616352201259],"sga_to_gross_profit":[18.543174241808277,16.40334253085753,17.30546798811603,16.844878535062836,15.304509431140922,17.00242425960843,16.84187608857925,14.622352975444933,17.34218814185951,21.480299018844416,24.09127859714319,33.746074472857785,36.33799362276183,43.461950696677384,45.98070739549839,62.90393979637008,70.96018735362998,69.18278228321897,92.14574898785425,57.9870729455217,58.72641509433962,61.39283299526708,94.00584795321637,161.98347107438016,55.38838348495452,59.0443686006826,59.82404692082112,54.50726978998385,58.09682804674458,58.57046070460704,59.28930088837389,57.11538461538461,58.75457875457876,60.23738872403561,73.5,75.35321821036106,60.16771488469602],"years":["2019-09-28","2018-09-29","2017-09-30","2016-09-24","2015-09-26","2014-09-27","2013-09-28","2012-09-29","2011-09-24","2010-09-25","2009-09-26","2008-09-27","2007-09-29","2006-09-30","2005-09-24","2004-09-25","2003-09-27","2002-09-28","2001-09-29","2000-09-30","1999-09-25","1998-09-25","1997-09-26","1996-09-27","1995-09-29","1994-09-30","1993-09-24","1992-09-25","1991-09-27","1990-09-28","1989-09-29","1988-09-30","1987-09-25","1986-09-26","1985-09-27","1984-09-28","1983-09-30"]}}